3M India Ltd.,SERVICES,3MINDIA,INE470A01017
8K Miles Soft Services Ltd.,IT,8KMILES,INE650K01021
ABB India Ltd.,INDUSTRIAL MANUFACTURING,ABB,INE117A01022
ACC Ltd.,CEMENT & CEMENT PRODUCTS,ACC,INE012A01025
AIA Engineering Ltd.,INDUSTRIAL MANUFACTURING,AIAENG,INE212H01026
APL Apollo Tubes Ltd.,METALS,APLAPOLLO,INE702C01019
AU Small Finance Bank Ltd.,FINANCIAL SERVICES,AUBANK,INE949L01017
Aarti Industries Ltd.,CHEMICALS,AARTIIND,INE769A01020
Aban Offshore Ltd.,ENERGY,ABAN,INE421A01028
Adani Enterprises Ltd.,SERVICES,ADANIENT,INE423A01024
Adani Ports and Special Economic Zone Ltd.,SERVICES,ADANIPORTS,INE742F01042
Adani Power Ltd.,ENERGY,ADANIPOWER,INE814H01011
Adani Transmission Ltd.,ENERGY,ADANITRANS,INE931S01010
Aditya Birla Fashion and Retail Ltd.,CONSUMER GOODS,ABFRL,INE647O01011
Advanced Enzyme Tech Ltd.,CONSUMER GOODS,ADVENZYMES,INE837H01020
Aegis Logistics Ltd.,ENERGY,AEGISCHEM,INE208C01025
Ahluwalia Contracts (India) Ltd.,CONSTRUCTION,AHLUCONT,INE758C01029
Ajanta Pharmaceuticals Ltd.,PHARMA,AJANTPHARM,INE031B01049
Akzo Nobel India Ltd.,CONSUMER GOODS,AKZOINDIA,INE133A01011
Alembic Pharmaceuticals Ltd.,PHARMA,APLLTD,INE901L01018
Alkem Laboratories Ltd.,PHARMA,ALKEM,INE540L01014
Allahabad Bank,FINANCIAL SERVICES,ALBK,INE428A01015
Allcargo Logistics Ltd.,SERVICES,ALLCARGO,INE418H01029
Amara Raja Batteries Ltd.,AUTOMOBILE,AMARAJABAT,INE885A01032
Ambuja Cements Ltd.,CEMENT & CEMENT PRODUCTS,AMBUJACEM,INE079A01024
Andhra Bank,FINANCIAL SERVICES,ANDHRABANK,INE434A01013
Apar Industries Ltd.,INDUSTRIAL MANUFACTURING,APARINDS,INE372A01015
Apollo Hospitals Enterprises Ltd.,HEALTHCARE SERVICES,APOLLOHOSP,INE437A01024
Apollo Tyres Ltd.,AUTOMOBILE,APOLLOTYRE,INE438A01022
Arvind Ltd.,TEXTILES,ARVIND,INE034A01011
Ashok Leyland Ltd.,AUTOMOBILE,ASHOKLEY,INE208A01029
Ashoka Buildcon Ltd.,CONSTRUCTION,ASHOKA,INE442H01029
Asian Paints Ltd.,CONSUMER GOODS,ASIANPAINT,INE021A01026
AstraZenca Pharma India Ltd.,PHARMA,ASTRAZEN,INE203A01020
Astral Poly Technik Ltd.,INDUSTRIAL MANUFACTURING,ASTRAL,INE006I01046
Atul Ltd.,CHEMICALS,ATUL,INE100A01010
Aurobindo Pharma Ltd.,PHARMA,AUROPHARMA,INE406A01037
Avanti Feeds Ltd.,CONSUMER GOODS,AVANTIFEED,INE871C01020
Avenue Supermarts Ltd.,CONSUMER GOODS,DMART,INE192R01011
Axis Bank Ltd.,FINANCIAL SERVICES,AXISBANK,INE238A01034
BASF India Ltd.,CHEMICALS,BASF,INE373A01013
BEML Ltd.,INDUSTRIAL MANUFACTURING,BEML,INE258A01016
BF Utilities Ltd.,CONSTRUCTION,BFUTILITIE,INE243D01012
BGR Energy Systems Ltd,CONSTRUCTION,BGRENERGY,INE661I01014
BSE Ltd.,FINANCIAL SERVICES,BSE,INE118H01025
Bajaj Auto Ltd.,AUTOMOBILE,BAJAJ-AUTO,INE917I01010
Bajaj Corp Ltd.,CONSUMER GOODS,BAJAJCORP,INE933K01021
Bajaj Electricals Ltd,CONSUMER GOODS,BAJAJELEC,INE193E01025
Bajaj Finance Ltd.,FINANCIAL SERVICES,BAJFINANCE,INE296A01024
Bajaj Finserv Ltd.,FINANCIAL SERVICES,BAJAJFINSV,INE918I01018
Bajaj Hindusthan Sugar Ltd.,CONSUMER GOODS,BAJAJHIND,INE306A01021
Bajaj Holdings & Investment Ltd.,FINANCIAL SERVICES,BAJAJHLDNG,INE118A01012
Balkrishna Industries Ltd.,AUTOMOBILE,BALKRISIND,INE787D01026
Ballarpur Industries Ltd.,PAPER,BALLARPUR,INE294A01037
Balmer Lawrie & Co. Ltd.,SERVICES,BALMLAWRIE,INE164A01016
Balrampur Chini Mills Ltd.,CONSUMER GOODS,BALRAMCHIN,INE119A01028
Bank of Baroda,FINANCIAL SERVICES,BANKBARODA,INE028A01039
Bank of India,FINANCIAL SERVICES,BANKINDIA,INE084A01016
Bata India Ltd.,CONSUMER GOODS,BATAINDIA,INE176A01028
Berger Paints India Ltd.,CONSUMER GOODS,BERGEPAINT,INE463A01038
Bharat Electronics Ltd.,INDUSTRIAL MANUFACTURING,BEL,INE263A01024
Bharat Financial Inclusion Ltd.,FINANCIAL SERVICES,BHARATFIN,INE180K01011
Bharat Forge Ltd.,INDUSTRIAL MANUFACTURING,BHARATFORG,INE465A01025
Bharat Heavy Electricals Ltd.,INDUSTRIAL MANUFACTURING,BHEL,INE257A01026
Bharat Petroleum Corporation Ltd.,ENERGY,BPCL,INE029A01011
Bharti Airtel Ltd.,TELECOM,BHARTIARTL,INE397D01024
Bharti Infratel Ltd.,TELECOM,INFRATEL,INE121J01017
Bhushan Steel Ltd.,METALS,BHUSANSTL,INE824B01021
Biocon Ltd.,PHARMA,BIOCON,INE376G01013
Birla Corporation Ltd.,CEMENT & CEMENT PRODUCTS,BIRLACORPN,INE340A01012
Bliss GVS Pharma Ltd.,PHARMA,BLISSGVS,INE416D01022
Blue Dart Express Ltd.,SERVICES,BLUEDART,INE233B01017
Blue Star Ltd.,CONSUMER GOODS,BLUESTARCO,INE472A01039
Bombay Burmah Trading Corporation Ltd.,CONSUMER GOODS,BBTC,INE050A01025
Bombay Dyeing & Manufacturing Co. Ltd.,TEXTILES,BOMDYEING,INE032A01023
Bombay Rayon Fashions Ltd.,TEXTILES,BRFL,INE589G01011
Bosch Ltd.,AUTOMOBILE,BOSCHLTD,INE323A01026
Brigade Enterprises Ltd.,CONSTRUCTION,BRIGADE,INE791I01019
Britannia Industries Ltd.,CONSUMER GOODS,BRITANNIA,INE216A01022
CARE Ratings Ltd.,FINANCIAL SERVICES,CARERATING,INE752H01013
CCL Products (I) Ltd.,CONSUMER GOODS,CCL,INE421D01022
CG Power and Industrial Solutions Ltd.,INDUSTRIAL MANUFACTURING,CGPOWER,INE067A01029
CRISIL Ltd.,FINANCIAL SERVICES,CRISIL,INE007A01025
Cadila Healthcare Ltd.,PHARMA,CADILAHC,INE010B01027
Can Fin Homes Ltd.,FINANCIAL SERVICES,CANFINHOME,INE477A01020
Canara Bank,FINANCIAL SERVICES,CANBK,INE476A01014
Capital First Ltd.,FINANCIAL SERVICES,CAPF,INE688I01017
Caplin Point Laboratories Ltd.,PHARMA,CAPLIPOINT,INE475E01026
Carborundum Universal Ltd.,INDUSTRIAL MANUFACTURING,CARBORUNIV,INE120A01034
Castrol India Ltd.,ENERGY,CASTROLIND,INE172A01027
Ceat Ltd.,AUTOMOBILE,CEATLTD,INE482A01020
Central Bank of India,FINANCIAL SERVICES,CENTRALBK,INE483A01010
Century Plyboards (India) Ltd.,CONSUMER GOODS,CENTURYPLY,INE348B01021
Century Textile & Industries Ltd.,CEMENT & CEMENT PRODUCTS,CENTURYTEX,INE055A01016
Cera Sanitaryware Ltd,CONSTRUCTION,CERA,INE739E01017
Chambal Fertilizers & Chemicals Ltd.,FERTILISERS & PESTICIDES,CHAMBLFERT,INE085A01013
Chennai Petroleum Corporation Ltd.,ENERGY,CHENNPETRO,INE178A01016
Cholamandalam Investment and Finance Company Ltd.,FINANCIAL SERVICES,CHOLAFIN,INE121A01016
Cipla Ltd.,PHARMA,CIPLA,INE059A01026
City Union Bank Ltd.,FINANCIAL SERVICES,CUB,INE491A01021
Coal India Ltd.,METALS,COALINDIA,INE522F01014
Cochin Shipyard Ltd.,INDUSTRIAL MANUFACTURING,COCHINSHIP,INE704P01017
Coffee Day Enterprises Ltd.,CONSUMER GOODS,COFFEEDAY,INE335K01011
Colgate Palmolive (India) Ltd.,CONSUMER GOODS,COLPAL,INE259A01022
Container Corporation of India Ltd.,SERVICES,CONCOR,INE111A01017
Coromandel International Ltd.,FERTILISERS & PESTICIDES,COROMANDEL,INE169A01031
Corporation Bank,FINANCIAL SERVICES,CORPBANK,INE112A01023
Cox & Kings Ltd.,SERVICES,COX&KINGS,INE008I01026
Crompton Greaves Consumer Electricals Ltd.,CONSUMER GOODS,CROMPTON,INE299U01018
Cummins India Ltd.,INDUSTRIAL MANUFACTURING,CUMMINSIND,INE298A01020
Cyient Ltd.,IT,CYIENT,INE136B01020
D B Realty Ltd.,CONSTRUCTION,DBREALTY,INE879I01012
D.B.Corp Ltd.,MEDIA & ENTERTAINMENT,DBCORP,INE950I01011
DCB Bank Ltd.,FINANCIAL SERVICES,DCBBANK,INE503A01015
DCM Shriram Ltd.,CONSUMER GOODS,DCMSHRIRAM,INE499A01024
DLF Ltd.,CONSTRUCTION,DLF,INE271C01023
Dabur India Ltd.,CONSUMER GOODS,DABUR,INE016A01026
Dalmia Bharat Ltd.,CEMENT & CEMENT PRODUCTS,DALMIABHA,INE439L01019
Deepak Fertilisers & Petrochemicals Corp. Ltd.,CHEMICALS,DEEPAKFERT,INE501A01019
Delta Corp Ltd.,SERVICES,DELTACORP,INE124G01033
Den Networks Ltd.,MEDIA & ENTERTAINMENT,DEN,INE947J01015
Dena Bank,FINANCIAL SERVICES,DENABANK,INE077A01010
Dewan Housing Finance Corporation Ltd.,FINANCIAL SERVICES,DHFL,INE202B01012
Dhanuka Agritech Ltd.,FERTILISERS & PESTICIDES,DHANUKA,INE435G01025
Dilip Buildcon Ltd.,CONSTRUCTION,DBL,INE917M01012
Dish TV India Ltd.,MEDIA & ENTERTAINMENT,DISHTV,INE836F01026
Divi's Laboratories Ltd.,PHARMA,DIVISLAB,INE361B01024
Dr. Lal Path Labs Ltd.,HEALTHCARE SERVICES,LALPATHLAB,INE600L01024
Dr. Reddy's Laboratories Ltd.,PHARMA,DRREDDY,INE089A01023
Dredging Corporation of India Ltd.,SERVICES,DREDGECORP,INE506A01018
E.I.D. Parry (India) Ltd.,FERTILISERS & PESTICIDES,EIDPARRY,INE126A01031
EIH Ltd.,SERVICES,EIHOTEL,INE230A01023
Edelweiss Financial Services Ltd.,FINANCIAL SERVICES,EDELWEISS,INE532F01054
Eicher Motors Ltd.,AUTOMOBILE,EICHERMOT,INE066A01013
Emami Ltd.,CONSUMER GOODS,EMAMILTD,INE548C01032
Endurance Technologies Ltd.,AUTOMOBILE,ENDURANCE,INE913H01037
Engineers India Ltd.,CONSTRUCTION,ENGINERSIN,INE510A01028
Equitas Holdings Ltd.,FINANCIAL SERVICES,EQUITAS,INE988K01017
Eros Intl Media Ltd.,MEDIA & ENTERTAINMENT,EROSMEDIA,INE416L01017
Escorts Ltd.,AUTOMOBILE,ESCORTS,INE042A01014
Essel Propack Ltd.,INDUSTRIAL MANUFACTURING,ESSELPACK,INE255A01020
Eveready Industries India Ltd.,CONSUMER GOODS,EVEREADY,INE128A01029
Exide Industries Ltd.,AUTOMOBILE,EXIDEIND,INE302A01020
Federal Bank Ltd.,FINANCIAL SERVICES,FEDERALBNK,INE171A01029
Finolex Cables Ltd.,INDUSTRIAL MANUFACTURING,FINCABLES,INE235A01022
Finolex Industries Ltd.,INDUSTRIAL MANUFACTURING,FINPIPE,INE183A01016
Firstsource Solutions Ltd.,IT,FSL,INE684F01012
Future Consumer Ltd.,CONSUMER GOODS,FCONSUMER,INE220J01025
Future Lifestyle Fashions Ltd.,CONSUMER GOODS,FLFL,INE452O01016
GAIL (India) Ltd.,ENERGY,GAIL,INE129A01019
GE Power India Ltd.,INDUSTRIAL MANUFACTURING,GEPIL,INE878A01011
GE T&D India Ltd.,INDUSTRIAL MANUFACTURING,GET&D,INE200A01026
GHCL Ltd.,CHEMICALS,GHCL,INE539A01019
GMR Infrastructure Ltd.,CONSTRUCTION,GMRINFRA,INE776C01039
GVK Power & Infrastructures Ltd.,CONSTRUCTION,GVKPIL,INE251H01024
Gateway Distriparks Ltd.,SERVICES,GDL,INE852F01015
Gati Ltd.,SERVICES,GATI,INE152B01027
Gillette India Ltd.,CONSUMER GOODS,GILLETTE,INE322A01010
GlaxoSmithkline Consumer Healthcare Ltd.,CONSUMER GOODS,GSKCONS,INE264A01014
Glaxosmithkline Pharmaceuticals Ltd.,PHARMA,GLAXO,INE159A01016
Glenmark Pharmaceuticals Ltd.,PHARMA,GLENMARK,INE935A01035
Godfrey Phillips India Ltd.,CONSUMER GOODS,GODFRYPHLP,INE260B01028
Godrej Consumer Products Ltd.,CONSUMER GOODS,GODREJCP,INE102D01028
Godrej Industries Ltd.,CONSUMER GOODS,GODREJIND,INE233A01035
Godrej Properties Ltd.,CONSTRUCTION,GODREJPROP,INE484J01027
Granules India Ltd.,PHARMA,GRANULES,INE101D01020
Great Eastern Shipping Co. Ltd.,SERVICES,GESHIP,INE017A01032
Greaves Cotton Ltd.,INDUSTRIAL MANUFACTURING,GREAVESCOT,INE224A01026
Greenply Industries Ltd.,CONSUMER GOODS,GREENPLY,INE461C01038
Gruh Finance Ltd.,FINANCIAL SERVICES,GRUH,INE580B01029
Gujarat Alkalies & Chemicals Ltd.,CHEMICALS,GUJALKALI,INE186A01019
Gujarat Fluorochemicals Ltd.,INDUSTRIAL MANUFACTURING,GUJFLUORO,INE538A01037
Gujarat Gas Ltd.,ENERGY,GUJGASLTD,INE844O01022
Gujarat Mineral Development Corporation Ltd.,METALS,GMDCLTD,INE131A01031
Gujarat Narmada Valley Fertilizers and Chemicals Ltd.,CHEMICALS,GNFC,INE113A01013
Gujarat Pipavav Port Ltd.,SERVICES,GPPL,INE517F01014
Gujarat State Fertilizers & Chemicals Ltd.,FERTILISERS & PESTICIDES,GSFC,INE026A01025
Gujarat State Petronet Ltd.,ENERGY,GSPL,INE246F01010
Gulf Oil Lubricants India Ltd.,ENERGY,GULFOILLUB,INE635Q01029
HCL Infosystems Ltd.,IT,HCL-INSYS,INE236A01020
HCL Technologies Ltd.,IT,HCLTECH,INE860A01027
HDFC Bank Ltd.,FINANCIAL SERVICES,HDFCBANK,INE040A01026
HSIL Ltd.,CONSUMER GOODS,HSIL,INE415A01038
HT Media Ltd.,MEDIA & ENTERTAINMENT,HTMEDIA,INE501G01024
Hathway Cable & Datacom Ltd.,MEDIA & ENTERTAINMENT,HATHWAY,INE982F01036
Hatsun Agro Product Ltd.,CONSUMER GOODS,HATSUN,INE473B01035
Havells India Ltd.,CONSUMER GOODS,HAVELLS,INE176B01034
HeidelbergCement India Ltd.,CEMENT & CEMENT PRODUCTS,HEIDELBERG,INE578A01017
Heritage Foods Ltd.,CONSUMER GOODS,HERITGFOOD,INE978A01027
Hero MotoCorp Ltd.,AUTOMOBILE,HEROMOTOCO,INE158A01026
Hexaware Technologies Ltd.,IT,HEXAWARE,INE093A01033
Himachal Fut Com Ltd.,TELECOM,HFCL,INE548A01028
Himatsingka Seide Ltd.,TEXTILES,HIMATSEIDE,INE049A01027
Hindalco Industries Ltd.,METALS,HINDALCO,INE038A01020
Hindustan Construction Co. Ltd.,CONSTRUCTION,HCC,INE549A01026
Hindustan Copper Ltd.,METALS,HINDCOPPER,INE531E01026
Hindustan Petroleum Corporation Ltd.,ENERGY,HINDPETRO,INE094A01015
Hindustan Unilever Ltd.,CONSUMER GOODS,HINDUNILVR,INE030A01027
Hindustan Zinc Ltd.,METALS,HINDZINC,INE267A01025
Housing & Urban Development Corporation Ltd.,FINANCIAL SERVICES,HUDCO,INE031A01017
Housing Development Finance Corporation Ltd.,FINANCIAL SERVICES,HDFC,INE001A01036
Housing Development and Infrastructure Ltd.,CONSTRUCTION,HDIL,INE191I01012
I T C Ltd.,CONSUMER GOODS,ITC,INE154A01025
ICICI Bank Ltd.,FINANCIAL SERVICES,ICICIBANK,INE090A01021
ICICI Prudential Life Insurance Company Ltd.,FINANCIAL SERVICES,ICICIPRULI,INE726G01019
ICRA Ltd.,FINANCIAL SERVICES,ICRA,INE725G01011
IDBI Bank Ltd.,FINANCIAL SERVICES,IDBI,INE008A01015
IDFC Bank Ltd.,FINANCIAL SERVICES,IDFCBANK,INE092T01019
IDFC Ltd.,FINANCIAL SERVICES,IDFC,INE043D01016
IFB Industries Ltd.,CONSUMER GOODS,IFBIND,INE559A01017
IFCI Ltd.,FINANCIAL SERVICES,IFCI,INE039A01010
IL&FS Transportation Networks Ltd.,CONSTRUCTION,IL&FSTRANS,INE975G01012
IRB Infrastructure Developers Ltd.,CONSTRUCTION,IRB,INE821I01014
ITD Cementation India Ltd.,CONSTRUCTION,ITDCEM,INE686A01026
ITI Ltd.,TELECOM,ITI,INE248A01017
Idea Cellular Ltd.,TELECOM,IDEA,INE669E01016
Igarashi Motors India Ltd.,AUTOMOBILE,IGARASHI,INE188B01013
India Cements Ltd.,CEMENT & CEMENT PRODUCTS,INDIACEM,INE383A01012
India Tourism Development Corporation Ltd.,SERVICES,ITDC,INE353K01014
Indiabulls Housing Finance Ltd.,FINANCIAL SERVICES,IBULHSGFIN,INE148I01020
Indiabulls Real Estate Ltd.,CONSTRUCTION,IBREALEST,INE069I01010
Indiabulls Ventures Ltd.,FINANCIAL SERVICES,IBVENTURES,INE274G01010
Indian Bank,FINANCIAL SERVICES,INDIANB,INE562A01011
Indian Hotels Co. Ltd.,SERVICES,INDHOTEL,INE053A01029
Indian Oil Corporation Ltd.,ENERGY,IOC,INE242A01010
Indian Overseas Bank ,FINANCIAL SERVICES,IOB,INE565A01014
Indo Count Industries Ltd.,TEXTILES,ICIL,INE483B01026
Indoco Remedies Ltd.,PHARMA,INDOCO,INE873D01024
Indraprastha Gas Ltd.,ENERGY,IGL,INE203G01027
IndusInd Bank Ltd.,FINANCIAL SERVICES,INDUSINDBK,INE095A01012
Infibeam Incorporation Ltd.,IT,INFIBEAM,INE483S01020
Info Edge (India) Ltd.,IT,NAUKRI,INE663F01024
Infosys Ltd.,IT,INFY,INE009A01021
Ingersoll Rand (India) Ltd.,INDUSTRIAL MANUFACTURING,INGERRAND,INE177A01018
Inox Leisure Ltd.,MEDIA & ENTERTAINMENT,INOXLEISUR,INE312H01016
Inox Wind Ltd.,INDUSTRIAL MANUFACTURING,INOXWIND,INE066P01011
Intellect Design Arena Ltd.,IT,INTELLECT,INE306R01017
InterGlobe Aviation Ltd.,SERVICES,INDIGO,INE646L01027
Ipca Laboratories Ltd.,PHARMA,IPCALAB,INE571A01020
J.B. Chemicals & Pharmaceuticals Ltd.,PHARMA,JBCHEPHARM,INE572A01028
J.K. Cement Ltd.,CEMENT & CEMENT PRODUCTS,JKCEMENT,INE823G01014
J.Kumar Infraprojects Ltd.,CONSTRUCTION,JKIL,INE576I01022
JBF Industries Ltd.,TEXTILES,JBFIND,INE187A01017
JK Lakshmi Cement Ltd.,CEMENT & CEMENT PRODUCTS,JKLAKSHMI,INE786A01032
JK Tyre & Industries Ltd.,AUTOMOBILE,JKTYRE,INE573A01042
JM Financial Ltd.,FINANCIAL SERVICES,JMFINANCIL,INE780C01023
JSW Energy Ltd.,ENERGY,JSWENERGY,INE121E01018
JSW Steel Ltd.,METALS,JSWSTEEL,INE019A01038
Jagran Prakashan Ltd.,MEDIA & ENTERTAINMENT,JAGRAN,INE199G01027
Jai Corp Ltd.,INDUSTRIAL MANUFACTURING,JAICORPLTD,INE070D01027
Jain Irrigation Systems Ltd.,INDUSTRIAL MANUFACTURING,JISLJALEQS,INE175A01038
Jaiprakash Associates Ltd.,CEMENT & CEMENT PRODUCTS,JPASSOCIAT,INE455F01025
Jaiprakash Power Ventures Ltd.,ENERGY,JPPOWER,INE351F01018
Jammu & Kashmir Bank Ltd.,FINANCIAL SERVICES,J&KBANK,INE168A01041
Jet Airways (India) Ltd.,SERVICES,JETAIRWAYS,INE802G01018
Jindal Poly Films Ltd.,INDUSTRIAL MANUFACTURING,JINDALPOLY,INE197D01010
Jindal Saw Ltd.,METALS,JINDALSAW,INE324A01024
Jindal Stainless (Hisar) Ltd.,METALS,JSLHISAR,INE455T01018
Jindal Stainless Ltd.,METALS,JSL,INE220G01021
Jindal Steel & Power Ltd.,METALS,JINDALSTEL,INE749A01030
Johnson Controls - Hitachi Air Conditioning India Ltd.,CONSUMER GOODS,JCHAC,INE782A01015
Jubilant Foodworks Ltd.,CONSUMER GOODS,JUBLFOOD,INE797F01012
Jubilant Life Sciences Ltd.,PHARMA,JUBILANT,INE700A01033
Justdial Ltd.,IT,JUSTDIAL,INE599M01018
Jyothy Laboratories Ltd.,CONSUMER GOODS,JYOTHYLAB,INE668F01031
K.P.R. Mill Ltd.,TEXTILES,KPRMILL,INE930H01023
KPIT Technologies Ltd.,IT,KPIT,INE836A01035
KRBL Ltd.,CONSUMER GOODS,KRBL,INE001B01026
Kajaria Ceramics Ltd.,CONSTRUCTION,KAJARIACER,INE217B01036
Kalpataru Power Transmission Ltd.,ENERGY,KALPATPOWR,INE220B01022
Kansai Nerolac Paints Ltd.,CONSUMER GOODS,KANSAINER,INE531A01024
Karnataka Bank Ltd.,FINANCIAL SERVICES,KTKBANK,INE614B01018
Karur Vysya Bank Ltd.,FINANCIAL SERVICES,KARURVYSYA,INE036D01028
Kaveri Seed Company Ltd.,CONSUMER GOODS,KSCL,INE455I01029
Kec International Ltd.,CONSTRUCTION,KEC,INE389H01022
Kesoram Industries Ltd.,CEMENT & CEMENT PRODUCTS,KESORAMIND,INE087A01019
Kitex Garments Ltd.,TEXTILES,KITEX,INE602G01020
Kolte-Patil Developers Ltd.,CONSTRUCTION,KOLTEPATIL,INE094I01018
Kotak Mahindra Bank Ltd.,FINANCIAL SERVICES,KOTAKBANK,INE237A01028
Kwality Ltd.,CONSUMER GOODS,KWALITY,INE775B01025
L&T Finance Holdings Ltd.,FINANCIAL SERVICES,L&TFH,INE498L01015
L&T Technology Services Ltd.,IT,LTTS,INE010V01017
LIC Housing Finance Ltd.,FINANCIAL SERVICES,LICHSGFIN,INE115A01026
Lakshmi Machine Works Ltd.,INDUSTRIAL MANUFACTURING,LAXMIMACH,INE269B01029
Lakshmi Vilas Bank Ltd.,FINANCIAL SERVICES,LAKSHVILAS,INE694C01018
Larsen & Toubro Infotech Ltd.,IT,LTI,INE214T01019
Larsen & Toubro Ltd.,CONSTRUCTION,LT,INE018A01030
Laurus Labs Ltd.,PHARMA,LAURUSLABS,INE947Q01010
Linde India Ltd.,CHEMICALS,LINDEINDIA,INE473A01011
Lupin Ltd.,PHARMA,LUPIN,INE326A01037
MMTC Ltd.,SERVICES,MMTC,INE123F01029
MOIL Ltd.,METALS,MOIL,INE490G01020
MRF Ltd.,AUTOMOBILE,MRF,INE883A01011
Magma Fincorp Ltd.,FINANCIAL SERVICES,MAGMA,INE511C01022
Mahanagar Gas Ltd.,ENERGY,MGL,INE002S01010
Mahanagar Telephone Nigam Ltd.,TELECOM,MTNL,INE153A01019
Mahindra & Mahindra Financial Services Ltd.,FINANCIAL SERVICES,M&MFIN,INE774D01024
Mahindra & Mahindra Ltd.,AUTOMOBILE,M&M,INE101A01026
Mahindra CIE Automotive Ltd.,INDUSTRIAL MANUFACTURING,MAHINDCIE,INE536H01010
Mahindra Holidays & Resorts India Ltd.,SERVICES,MHRIL,INE998I01010
Manappuram Finance Ltd.,FINANCIAL SERVICES,MANAPPURAM,INE522D01027
Mangalore Refinery & Petrochemicals Ltd.,ENERGY,MRPL,INE103A01014
Manpasand Beverages Ltd.,CONSUMER GOODS,MANPASAND,INE122R01018
Marico Ltd.,CONSUMER GOODS,MARICO,INE196A01026
Marksans Pharma Ltd.,PHARMA,MARKSANS,INE750C01026
Maruti Suzuki India Ltd.,AUTOMOBILE,MARUTI,INE585B01010
Max Financial Services Ltd.,FINANCIAL SERVICES,MFSL,INE180A01020
Max India Ltd.,HEALTHCARE SERVICES,MAXINDIA,INE153U01017
McLeod Russel India Ltd.,CONSUMER GOODS,MCLEODRUSS,INE942G01012
Merck Ltd.,PHARMA,MERCK,INE199A01012
MindTree Ltd.,IT,MINDTREE,INE018I01017
Minda Corporation Ltd.,AUTOMOBILE,MINDACORP,INE842C01021
Minda Industries Ltd.,AUTOMOBILE,MINDAIND,INE405E01023
Monsanto India Ltd.,FERTILISERS & PESTICIDES,MONSANTO,INE274B01011
Motherson Sumi Systems Ltd.,AUTOMOBILE,MOTHERSUMI,INE775A01035
Motilal Oswal Financial Services Ltd.,FINANCIAL SERVICES,MOTILALOFS,INE338I01027
MphasiS Ltd.,IT,MPHASIS,INE356A01018
Muthoot Finance Ltd.,FINANCIAL SERVICES,MUTHOOTFIN,INE414G01012
NATCO Pharma Ltd.,PHARMA,NATCOPHARM,INE987B01026
NBCC (India) Ltd.,CONSTRUCTION,NBCC,INE095N01023
NCC Ltd.,CONSTRUCTION,NCC,INE868B01028
NHPC Ltd.,ENERGY,NHPC,INE848E01016
NIIT Technologies Ltd.,IT,NIITTECH,INE591G01017
NLC India Ltd.,ENERGY,NLCINDIA,INE589A01014
NMDC Ltd.,METALS,NMDC,INE584A01023
NTPC Ltd.,ENERGY,NTPC,INE733E01010
Narayana Hrudayalaya Ltd.,HEALTHCARE SERVICES,NH,INE410P01011
National Aluminium Co. Ltd.,METALS,NATIONALUM,INE139A01034
National Fertilizers Ltd.,FERTILISERS & PESTICIDES,NFL,INE870D01012
Nava Bharat Ventures Ltd.,ENERGY,NBVENTURES,INE725A01022
Navin Fluorine International Ltd.,CHEMICALS,NAVINFLUOR,INE048G01026
Navkar Corporation Ltd.,SERVICES,NAVKARCORP,INE278M01019
Navneet Education Ltd.,MEDIA & ENTERTAINMENT,NAVNETEDUL,INE060A01024
Network18 Media & Investments Ltd.,MEDIA & ENTERTAINMENT,NETWORK18,INE870H01013
Nilkamal Ltd.,INDUSTRIAL MANUFACTURING,NILKAMAL,INE310A01015
Oberoi Realty Ltd.,CONSTRUCTION,OBEROIRLTY,INE093I01010
Oil & Natural Gas Corporation Ltd.,ENERGY,ONGC,INE213A01029
Oil India Ltd.,ENERGY,OIL,INE274J01014
Omaxe Ltd.,CONSTRUCTION,OMAXE,INE800H01010
Oracle Financial Services Software Ltd.,IT,OFSS,INE881D01027
Orient Cement Ltd.,CEMENT & CEMENT PRODUCTS,ORIENTCEM,INE876N01018
Oriental Bank of Commerce,FINANCIAL SERVICES,ORIENTBANK,INE141A01014
PC Jeweller Ltd.,CONSUMER GOODS,PCJEWELLER,INE785M01013
PI Industries Ltd.,FERTILISERS & PESTICIDES,PIIND,INE603J01030
PNB Housing Finance Ltd.,FINANCIAL SERVICES,PNBHOUSING,INE572E01012
PNC Infratech Ltd.,CONSTRUCTION,PNCINFRA,INE195J01029
PTC India Fin Serv Ltd.,FINANCIAL SERVICES,PFS,INE560K01014
PTC India Ltd.,ENERGY,PTC,INE877F01012
PVR Ltd.,MEDIA & ENTERTAINMENT,PVR,INE191H01014
Page Industries Ltd.,TEXTILES,PAGEIND,INE761H01022
Parag Milk Foods Ltd.,CONSUMER GOODS,PARAGMILK,INE883N01014
Persistent Systems Ltd.,IT,PERSISTENT,INE262H01013
Petronet LNG Ltd.,ENERGY,PETRONET,INE347G01014
Pfizer Ltd.,PHARMA,PFIZER,INE182A01018
Phoenix Mills Ltd.,CONSTRUCTION,PHOENIXLTD,INE211B01039
Pidilite Industries Ltd.,CHEMICALS,PIDILITIND,INE318A01026
Piramal Enterprises Ltd.,PHARMA,PEL,INE140A01024
Power Finance Corporation Ltd.,FINANCIAL SERVICES,PFC,INE134E01011
Power Grid Corporation of India Ltd.,ENERGY,POWERGRID,INE752E01010
Praj Industries Ltd.,INDUSTRIAL MANUFACTURING,PRAJIND,INE074A01025
Prestige Estates Projects Ltd.,CONSTRUCTION,PRESTIGE,INE811K01011
Prism Cement Ltd.,CEMENT & CEMENT PRODUCTS,PRISMCEM,INE010A01011
Procter & Gamble Hygiene & Health Care Ltd.,CONSUMER GOODS,PGHH,INE179A01014
Punjab National Bank,FINANCIAL SERVICES,PNB,INE160A01022
Quess Corp Ltd.,SERVICES,QUESS,INE615P01015
RBL Bank Ltd.,FINANCIAL SERVICES,RBLBANK,INE976G01028
Radico Khaitan Ltd,CONSUMER GOODS,RADICO,INE944F01028
Rain Industries Ltd,CHEMICALS,RAIN,INE855B01025
Rajesh Exports Ltd.,CONSUMER GOODS,RAJESHEXPO,INE343B01030
Rallis India Ltd.,FERTILISERS & PESTICIDES,RALLIS,INE613A01020
Ramco Systems Ltd.,IT,RAMCOSYS,INE246B01019
Ramkrishna Forgings Ltd.,INDUSTRIAL MANUFACTURING,RKFORGE,INE399G01015
Rashtriya Chemicals & Fertilizers Ltd.,FERTILISERS & PESTICIDES,RCF,INE027A01015
RattanIndia Power Ltd.,ENERGY,RTNPOWER,INE399K01017
Raymond Ltd.,TEXTILES,RAYMOND,INE301A01014
Redington (India) Ltd.,SERVICES,REDINGTON,INE891D01026
Relaxo Footwears Ltd.,CONSUMER GOODS,RELAXO,INE131B01039
Reliance Capital Ltd.,FINANCIAL SERVICES,RELCAPITAL,INE013A01015
Reliance Communications Ltd.,TELECOM,RCOM,INE330H01018
Reliance Industries Ltd.,ENERGY,RELIANCE,INE002A01018
Reliance Infrastructure Ltd.,ENERGY,RELINFRA,INE036A01016
Reliance Naval and Engineering Ltd.,INDUSTRIAL MANUFACTURING,RNAVAL,INE542F01012
Reliance Power Ltd.,ENERGY,RPOWER,INE614G01033
Religare Enterprises Ltd.,FINANCIAL SERVICES,RELIGARE,INE621H01010
Repco Home Finance Ltd.,FINANCIAL SERVICES,REPCOHOME,INE612J01015
Rupa & Company Ltd.,TEXTILES,RUPA,INE895B01021
Rural Electrification Corporation Ltd.,FINANCIAL SERVICES,RECLTD,INE020B01018
S H Kelkar and Company Ltd.,CONSUMER GOODS,SHK,INE500L01026
SJVN Ltd.,ENERGY,SJVN,INE002L01015
SKF India Ltd.,INDUSTRIAL MANUFACTURING,SKFINDIA,INE640A01023
SML Isuzu Ltd.,AUTOMOBILE,SMLISUZU,INE294B01019
SREI Infrastructure Finance Ltd.,FINANCIAL SERVICES,SREINFRA,INE872A01014
SRF Ltd.,TEXTILES,SRF,INE647A01010
Sadbhav Engineering Ltd.,CONSTRUCTION,SADBHAV,INE226H01026
Sanofi India Ltd.,PHARMA,SANOFI,INE058A01010
Schaeffler India Ltd.,INDUSTRIAL MANUFACTURING,SCHAEFFLER,INE513A01014
Schneider Electric Infrastructure Ltd.,INDUSTRIAL MANUFACTURING,SCHNEIDER,INE839M01018
Sharda Cropchem Ltd.,FERTILISERS & PESTICIDES,SHARDACROP,INE221J01015
Sheela Foam Ltd.,CONSUMER GOODS,SFL,INE916U01025
Shilpa Medicare Ltd.,PHARMA,SHILPAMED,INE790G01031
Shipping Corporation of India Ltd.,SERVICES,SCI,INE109A01011
Shoppers Stop Ltd.,CONSUMER GOODS,SHOPERSTOP,INE498B01024
Shree Cement Ltd.,CEMENT & CEMENT PRODUCTS,SHREECEM,INE070A01015
Shree Renuka Sugars Ltd.,CONSUMER GOODS,RENUKA,INE087H01022
Shriram City Union Finance Ltd.,FINANCIAL SERVICES,SHRIRAMCIT,INE722A01011
Shriram Transport Finance Co. Ltd.,FINANCIAL SERVICES,SRTRANSFIN,INE721A01013
Siemens Ltd.,INDUSTRIAL MANUFACTURING,SIEMENS,INE003A01024
Snowman Logistics Ltd.,SERVICES,SNOWMAN,INE734N01019
Sobha Ltd.,CONSTRUCTION,SOBHA,INE671H01015
Solar Industries India Ltd.,CHEMICALS,SOLARINDS,INE343H01029
Somany Ceramics Ltd.,CONSTRUCTION,SOMANYCERA,INE355A01028
Sonata Software Ltd.,IT,SONATSOFTW,INE269A01021
South Indian Bank Ltd.,FINANCIAL SERVICES,SOUTHBANK,INE683A01023
Star Cement Ltd.,CEMENT & CEMENT PRODUCTS,STARCEMENT,INE460H01021
State Bank of India,FINANCIAL SERVICES,SBIN,INE062A01020
Steel Authority of India Ltd.,METALS,SAIL,INE114A01011
Sterlite Technologies Ltd.,TELECOM,STRTECH,INE089C01029
Sudarshan Chemical Industries Ltd.,CHEMICALS,SUDARSCHEM,INE659A01023
Sun Pharma Advanced Research Company Ltd.,PHARMA,SPARC,INE232I01014
Sun Pharmaceutical Industries Ltd.,PHARMA,SUNPHARMA,INE044A01036
Sun TV Network Ltd.,MEDIA & ENTERTAINMENT,SUNTV,INE424H01027
Sundram Fasteners Ltd.,AUTOMOBILE,SUNDRMFAST,INE387A01021
Sunteck Realty Ltd.,CONSTRUCTION,SUNTECK,INE805D01034
Suprajit Engineering Ltd.,AUTOMOBILE,SUPRAJIT,INE399C01030
Supreme Industries Ltd.,INDUSTRIAL MANUFACTURING,SUPREMEIND,INE195A01028
Supreme Petrochem Ltd.,CHEMICALS,SUPPETRO,INE663A01017
Suven Life Sciences Ltd.,PHARMA,SUVEN,INE495B01038
Suzlon Energy Ltd.,INDUSTRIAL MANUFACTURING,SUZLON,INE040H01021
Swan Energy Ltd.,TEXTILES,SWANENERGY,INE665A01038
Symphony Ltd.,CONSUMER GOODS,SYMPHONY,INE225D01027
Syndicate Bank,FINANCIAL SERVICES,SYNDIBANK,INE667A01018
Syngene International Ltd.,PHARMA,SYNGENE,INE398R01022
TI Financial Holdings Ltd.,FINANCIAL SERVICES,TIFIN,INE149A01033
TTK Prestige Ltd.,CONSUMER GOODS,TTKPRESTIG,INE690A01010
TV Today Network Ltd.,MEDIA & ENTERTAINMENT,TVTODAY,INE038F01029
TV18 Broadcast Ltd.,MEDIA & ENTERTAINMENT,TV18BRDCST,INE886H01027
TVS Motor Company Ltd.,AUTOMOBILE,TVSMOTOR,INE494B01023
TVS Srichakra Ltd.,AUTOMOBILE,TVSSRICHAK,INE421C01016
Take Solutions Ltd.,IT,TAKE,INE142I01023
Tamil Nadu Newsprint & Papers Ltd.,PAPER,TNPL,INE107A01015
Tata Chemicals Ltd.,CHEMICALS,TATACHEM,INE092A01019
Tata Coffee Ltd.,CONSUMER GOODS,TATACOFFEE,INE493A01027
Tata Communications Ltd.,TELECOM,TATACOMM,INE151A01013
Tata Consultancy Services Ltd.,IT,TCS,INE467B01029
Tata Elxsi Ltd.,IT,TATAELXSI,INE670A01012
Tata Global Beverages Ltd.,CONSUMER GOODS,TATAGLOBAL,INE192A01025
Tata Investment Corporation Ltd.,FINANCIAL SERVICES,TATAINVEST,INE672A01018
Tata Motors Ltd DVR,AUTOMOBILE,TATAMTRDVR,IN9155A01020
Tata Motors Ltd.,AUTOMOBILE,TATAMOTORS,INE155A01022
Tata Power Co. Ltd.,ENERGY,TATAPOWER,INE245A01021
Tata Sponge Iron Ltd.,METALS,TATASPONGE,INE674A01014
Tata Steel Ltd.,METALS,TATASTEEL,INE081A01012
Tech Mahindra Ltd.,IT,TECHM,INE669C01036
Techno Elt & Eng Co. Ltd.,CONSTRUCTION,TECHNO,INE286K01024
Texmaco Rail & Eng. Ltd.,INDUSTRIAL MANUFACTURING,TEXRAIL,INE621L01012
The Ramco Cements Ltd.,CEMENT & CEMENT PRODUCTS,RAMCOCEM,INE331A01037
Thermax Ltd.,INDUSTRIAL MANUFACTURING,THERMAX,INE152A01029
Thomas Cook (India) Ltd.,SERVICES,THOMASCOOK,INE332A01027
Thyrocare Technologies Ltd.,HEALTHCARE SERVICES,THYROCARE,INE594H01019
Time Technoplast Ltd.,INDUSTRIAL MANUFACTURING,TIMETECHNO,INE508G01029
Timken India Ltd.,INDUSTRIAL MANUFACTURING,TIMKEN,INE325A01013
Titan Company Ltd.,CONSUMER GOODS,TITAN,INE280A01028
Torrent Pharmaceuticals Ltd.,PHARMA,TORNTPHARM,INE685A01028
Torrent Power Ltd.,ENERGY,TORNTPOWER,INE813H01021
Trent Ltd.,CONSUMER GOODS,TRENT,INE849A01020
Trident Ltd.,TEXTILES,TRIDENT,INE064C01014
UCO Bank,FINANCIAL SERVICES,UCOBANK,INE691A01018
UFLEX Ltd.,INDUSTRIAL MANUFACTURING,UFLEX,INE516A01017
UPL Ltd.,FERTILISERS & PESTICIDES,UPL,INE628A01036
Ujjivan Financial Services Ltd.,FINANCIAL SERVICES,UJJIVAN,INE334L01012
UltraTech Cement Ltd.,CEMENT & CEMENT PRODUCTS,ULTRACEMCO,INE481G01011
Unichem Laboratories Ltd.,PHARMA,UNICHEMLAB,INE351A01035
Union Bank of India,FINANCIAL SERVICES,UNIONBANK,INE692A01016
Unitech Ltd.,CONSTRUCTION,UNITECH,INE694A01020
United Bank of India,FINANCIAL SERVICES,UNITEDBNK,INE695A01019
United Breweries Ltd.,CONSUMER GOODS,UBL,INE686F01025
United Spirits Ltd.,CONSUMER GOODS,MCDOWELL-N,INE854D01016
V-Guard Industries Ltd.,INDUSTRIAL MANUFACTURING,VGUARD,INE951I01027
V.I.P. Industries Ltd.,CONSUMER GOODS,VIPIND,INE054A01027
VRL Logistics Ltd.,SERVICES,VRLLOG,INE366I01010
Va Tech Wabag Ltd.,SERVICES,WABAG,INE956G01038
Vakrangee Ltd.,IT,VAKRANGEE,INE051B01021
Vardhman Textiles Ltd.,TEXTILES,VTL,INE825A01012
Varun Beverages Ltd.,CONSUMER GOODS,VBL,INE200M01013
Vedanta Ltd.,METALS,VEDL,INE205A01025
Vesuvius India Ltd.,INDUSTRIAL MANUFACTURING,VESUVIUS,INE386A01015
Videocon Industries Ltd.,CONSUMER GOODS,VIDEOIND,INE703A01011
Vijaya Bank,FINANCIAL SERVICES,VIJAYABANK,INE705A01016
Vinati Organics Ltd.,CHEMICALS,VINATIORGA,INE410B01029
Voltas Ltd.,CONSTRUCTION,VOLTAS,INE226A01021
WABCO India Ltd.,AUTOMOBILE,WABCOINDIA,INE342J01019
Welspun Corp Ltd.,METALS,WELCORP,INE191B01025
Welspun India Ltd.,TEXTILES,WELSPUNIND,INE192B01031
Whirlpool of India Ltd.,CONSUMER GOODS,WHIRLPOOL,INE716A01013
Wipro Ltd.,IT,WIPRO,INE075A01022
Wockhardt Ltd.,PHARMA,WOCKPHARMA,INE049B01025
Yes Bank Ltd.,FINANCIAL SERVICES,YESBANK,INE528G01027
Zee Entertainment Enterprises Ltd.,MEDIA & ENTERTAINMENT,ZEEL,INE256A01028
Zee Learn Ltd.,MEDIA & ENTERTAINMENT,ZEELEARN,INE565L01011
Zensar Technolgies Ltd.,IT,ZENSARTECH,INE520A01019
eClerx Services Ltd.,IT,ECLERX,INE738I01010
